Date,Open,High,Low,Close,Adj Close,Volume
02-01-2018,1053.02002,1075.97998,1053.02002,1073.209961,1073.209961,1588300
03-01-2018,1073.930054,1096.099976,1073.430054,1091.52002,1091.52002,1565900
04-01-2018,1097.089966,1104.079956,1094.26001,1095.76001,1095.76001,1302600
05-01-2018,1103.449951,1113.579956,1101.800049,1110.290039,1110.290039,1512500
08-01-2018,1111,1119.160034,1110,1114.209961,1114.209961,1232200
09-01-2018,1118.439941,1118.439941,1108.199951,1112.790039,1112.790039,1340400
10-01-2018,1107,1112.780029,1103.97998,1110.140015,1110.140015,1036700
11-01-2018,1112.310059,1114.849976,1106.47998,1112.050049,1112.050049,1121200
12-01-2018,1110.099976,1131.300049,1108.01001,1130.650024,1130.650024,1929300
16-01-2018,1140.310059,1148.880005,1126.660034,1130.699951,1130.699951,1823100
17-01-2018,1136.359985,1139.319946,1123.48999,1139.099976,1139.099976,1391500
18-01-2018,1139.349976,1140.589966,1124.459961,1135.969971,1135.969971,1374900
19-01-2018,1138.030029,1143.780029,1132.5,1143.5,1143.5,1527600
22-01-2018,1143.819946,1166.880005,1141.819946,1164.160034,1164.160034,1477500
23-01-2018,1170.619995,1178.51001,1167.25,1176.170044,1176.170044,1956900
24-01-2018,1184.97998,1187.050049,1167.400024,1171.290039,1171.290039,1856400
25-01-2018,1180.709961,1185,1171.839966,1182.140015,1182.140015,1499200
26-01-2018,1187.530029,1187.560059,1168.030029,1187.560059,1187.560059,2108500
29-01-2018,1188,1198,1184.060059,1186.47998,1186.47998,1574700
30-01-2018,1177.719971,1187.930054,1174.51001,1177.369995,1177.369995,1866900
31-01-2018,1183.810059,1186.319946,1172.099976,1182.219971,1182.219971,1801100
01-02-2018,1175.98999,1187.449951,1169.359985,1181.589966,1181.589966,3675700
02-02-2018,1127.420044,1131.300049,1111.170044,1119.199951,1119.199951,5892100
05-02-2018,1100.609985,1114.98999,1056.73999,1062.390015,1062.390015,4177500
06-02-2018,1033.97998,1087.380005,1030.01001,1084.430054,1084.430054,3831500
07-02-2018,1084.969971,1086.530029,1054.619995,1055.410034,1055.410034,2597100
08-02-2018,1059.869995,1063.930054,1004.700012,1007.710022,1007.710022,3339600
09-02-2018,1025.880005,1051.719971,997,1046.27002,1046.27002,4918000
12-02-2018,1056.670044,1065.569946,1045.48999,1054.560059,1054.560059,2812000
13-02-2018,1050,1061.219971,1046.920044,1054.140015,1054.140015,1579300
14-02-2018,1054.319946,1075.469971,1049.800049,1072.699951,1072.699951,2065200
15-02-2018,1083.449951,1094.099976,1067.22998,1091.359985,1091.359985,1869800
16-02-2018,1093.380005,1108.310059,1091.550049,1095.5,1095.5,1997400
20-02-2018,1092.76001,1116.290039,1090,1103.589966,1103.589966,1687700
21-02-2018,1109.099976,1136.199951,1107.51001,1113.75,1113.75,2074300
22-02-2018,1119.170044,1125.459961,1105.150024,1109.900024,1109.900024,1400500
23-02-2018,1118.660034,1129,1108.439941,1128.089966,1128.089966,1264600
26-02-2018,1131.859985,1144.199951,1129.339966,1143.699951,1143.699951,1545600
27-02-2018,1143.699951,1144.25,1116.790039,1117.51001,1117.51001,2148200
28-02-2018,1122,1127.650024,1103,1103.920044,1103.920044,2464600
01-03-2018,1109.540039,1111.27002,1067.290039,1071.410034,1071.410034,2766900
02-03-2018,1057.97998,1086.890015,1050.109985,1084.140015,1084.140015,2508100
05-03-2018,1078.130005,1101.180054,1072.27002,1094.76001,1094.76001,1432400
06-03-2018,1102.099976,1105.630005,1094.5,1100.900024,1100.900024,1169100
07-03-2018,1092.819946,1116.199951,1089.910034,1115.040039,1115.040039,1537400
08-03-2018,1117.199951,1131.439941,1117.199951,1129.380005,1129.380005,1693100
09-03-2018,1139.5,1161,1134.290039,1160.839966,1160.839966,2133100
12-03-2018,1165.050049,1178.160034,1159.199951,1165.930054,1165.930054,2215300
13-03-2018,1171.829956,1178,1134.569946,1139.910034,1139.910034,2157000
14-03-2018,1145.800049,1159.76001,1142.349976,1148.890015,1148.890015,2093500
15-03-2018,1149.569946,1162.5,1135.660034,1150.609985,1150.609985,1669100
16-03-2018,1155.349976,1156.810059,1131.359985,1134.420044,1134.420044,2932800
19-03-2018,1117.76001,1119.369995,1088.920044,1100.069946,1100.069946,3182800
20-03-2018,1098.400024,1105.550049,1082.420044,1095.800049,1095.800049,2729900
21-03-2018,1092.569946,1108.699951,1087.209961,1094,1094,2244900
22-03-2018,1080.01001,1083.920044,1049.640015,1053.150024,1053.150024,3465600
23-03-2018,1051.369995,1066.780029,1024.869995,1026.550049,1026.550049,2494000
26-03-2018,1050.599976,1059.27002,1010.580017,1054.089966,1054.089966,3299200
27-03-2018,1063.900024,1064.540039,997.619995,1006.940002,1006.940002,3040800
28-03-2018,1001.909973,1024.98999,984,1005.179993,1005.179993,3884900
29-03-2018,1011.210022,1048.050049,1004.039978,1037.140015,1037.140015,3466900
02-04-2018,1027.619995,1039.530029,994.25,1012.630005,1012.630005,3253400
03-04-2018,1016.150024,1025,997.25,1018.679993,1018.679993,2566100
04-04-2018,998.22998,1032.73999,996.51001,1029.709961,1029.709961,2536200
05-04-2018,1046.390015,1046.709961,1024,1032.640015,1032.640015,1791800
06-04-2018,1023.099976,1036,1006.25,1009.950012,1009.950012,2006700
09-04-2018,1020.039978,1044.589966,1019.200012,1020.090027,1020.090027,1661000
10-04-2018,1030.26001,1041.209961,1015.409973,1036.5,1036.5,1831000
11-04-2018,1032,1035.869995,1019.200012,1025.060059,1025.060059,1703000
12-04-2018,1031.469971,1044.650024,1026.050049,1037.290039,1037.290039,1644800
13-04-2018,1046.890015,1052.97998,1030.150024,1036.040039,1036.040039,1270500
16-04-2018,1045.550049,1051.430054,1033.920044,1046.099976,1046.099976,1488800
17-04-2018,1061.199951,1085,1057.089966,1079.359985,1079.359985,2729200
18-04-2018,1079.01001,1082,1070.52002,1075.390015,1075.390015,1556300
19-04-2018,1069.02002,1097.51001,1069.02002,1089.449951,1089.449951,1994200
20-04-2018,1084.27002,1094.75,1072.099976,1077.319946,1077.319946,2121700
23-04-2018,1082.97998,1088,1066.680054,1073.810059,1073.810059,3479500
24-04-2018,1059.199951,1064.48999,1012.859985,1022.640015,1022.640015,6411000
25-04-2018,1029.75,1036.069946,1017.01001,1022.98999,1022.98999,2893000
26-04-2018,1033.219971,1052.02002,1020.450012,1043.310059,1043.310059,2546300
27-04-2018,1045.540039,1051.699951,1027.589966,1031.449951,1031.449951,2037300
30-04-2018,1034.420044,1038.369995,1018.299988,1018.580017,1018.580017,1724600
01-05-2018,1016.299988,1041.72998,1010.609985,1040.75,1040.75,1766300
02-05-2018,1034,1043.97998,1023.159973,1026.050049,1026.050049,1734900
03-05-2018,1025.369995,1030.689941,1007.890015,1026.300049,1026.300049,1964100
04-05-2018,1019.609985,1051.880005,1018.049988,1051,1051,1844600
07-05-2018,1053.890015,1065,1050.27002,1059.459961,1059.459961,1720000
08-05-2018,1064.619995,1065.22998,1051.640015,1058.589966,1058.589966,1301500
09-05-2018,1064.099976,1094,1062.109985,1088.949951,1088.949951,2358000
10-05-2018,1095,1109.410034,1093.880005,1105.469971,1105.469971,1820700
11-05-2018,1100.410034,1109.01001,1097.219971,1103.380005,1103.380005,1525200
14-05-2018,1105.569946,1118.150024,1104.800049,1106.599976,1106.599976,1966900
15-05-2018,1096.900024,1099.119995,1078.780029,1084.869995,1084.869995,1786900
16-05-2018,1085.089966,1094.380005,1081.630005,1084.089966,1084.089966,1281400
17-05-2018,1081.459961,1091,1076.420044,1081.26001,1081.26001,1286900
18-05-2018,1066,1073.72998,1064.680054,1069.640015,1069.640015,1774100
21-05-2018,1079,1093.300049,1078,1084.01001,1084.01001,1259000
22-05-2018,1089.800049,1091.800049,1072.26001,1075.310059,1075.310059,1111300
23-05-2018,1070,1088,1066.959961,1085.959961,1085.959961,1187000
24-05-2018,1086.900024,1087.119995,1072.300049,1085.449951,1085.449951,1030200
25-05-2018,1086.550049,1089.569946,1082.599976,1084.079956,1084.079956,1111200
29-05-2018,1076,1081.339966,1063.079956,1068.069946,1068.069946,1803800
30-05-2018,1073.47998,1078.98999,1066.550049,1077.469971,1077.469971,1434300
31-05-2018,1082,1110,1078,1100,1100,3968400
01-06-2018,1112.869995,1138.160034,1112.01001,1135,1135,3160100
04-06-2018,1138.5,1157.859985,1137,1153.040039,1153.040039,2237700
05-06-2018,1154.660034,1161.099976,1147.459961,1151.02002,1151.02002,1648200
06-06-2018,1152.77002,1154.709961,1136.319946,1146.949951,1146.949951,1746700
07-06-2018,1144.579956,1145.869995,1126.119995,1134.420044,1134.420044,1805400
08-06-2018,1131.209961,1138.780029,1123.22998,1132.709961,1132.709961,1364200
11-06-2018,1132.939941,1147.73999,1131.400024,1140.900024,1140.900024,1239800
12-06-2018,1141.02002,1148.75,1141.02002,1148.189941,1148.189941,1304600
13-06-2018,1152.280029,1155.640015,1143.380005,1144.22998,1144.22998,1715100
14-06-2018,1152.209961,1165.98999,1150.599976,1160.109985,1160.109985,1771100
15-06-2018,1159.920044,1163.910034,1153.689941,1159.27002,1159.27002,2221900
18-06-2018,1152.689941,1184.130005,1151,1183.579956,1183.579956,1651900
19-06-2018,1170.109985,1182.810059,1161.609985,1178.689941,1178.689941,2364100
20-06-2018,1183.300049,1201.48999,1182.030029,1184.069946,1184.069946,2584300
21-06-2018,1185.51001,1190.329956,1163.47998,1169.439941,1169.439941,2248300
22-06-2018,1171.48999,1175,1159.650024,1169.290039,1169.290039,1711000
25-06-2018,1155,1155.98999,1119.900024,1139.280029,1139.280029,2884100
26-06-2018,1144.140015,1146.869995,1129,1132.619995,1132.619995,1734400
27-06-2018,1136,1146.209961,1116.699951,1116.939941,1116.939941,1726900
28-06-2018,1112.390015,1134,1106.069946,1126.780029,1126.780029,1486300
29-06-2018,1132.310059,1141.359985,1127.02002,1129.189941,1129.189941,1578100
02-07-2018,1115.349976,1142.98999,1106.599976,1142.109985,1142.109985,1160800
03-07-2018,1149.420044,1149.910034,1114.430054,1116.280029,1116.280029,822400
05-07-2018,1124.599976,1144.140015,1123.119995,1141.290039,1141.290039,1429700
06-07-2018,1141.77002,1156.199951,1137.23999,1155.079956,1155.079956,1091000
09-07-2018,1160,1167.930054,1157.22998,1167.280029,1167.280029,1079200
10-07-2018,1169.98999,1173.5,1162.560059,1167.140015,1167.140015,1066700
11-07-2018,1155.619995,1180.439941,1155.369995,1171.459961,1171.459961,1662600
12-07-2018,1174.859985,1201.98999,1173.099976,1201.26001,1201.26001,2207400
13-07-2018,1202.800049,1210.439941,1195.290039,1204.420044,1204.420044,1630600
16-07-2018,1203.810059,1208.709961,1193.400024,1196.51001,1196.51001,1339200
17-07-2018,1182.73999,1218.76001,1182,1213.079956,1213.079956,2008100
18-07-2018,1208.530029,1221.589966,1204.560059,1212.910034,1212.910034,1947400
19-07-2018,1206.650024,1216.47998,1197.72998,1199.099976,1199.099976,1916900
20-07-2018,1199.23999,1210.77002,1196.589966,1197.880005,1197.880005,1896900
23-07-2018,1195.660034,1215.099976,1192.01001,1211,1211,3272300
24-07-2018,1271,1275,1244.140015,1258.150024,1258.150024,5380000
25-07-2018,1252.619995,1278.23999,1249.050049,1275.939941,1275.939941,2555200
26-07-2018,1267.180054,1287.400024,1263,1285.5,1285.5,2734300
27-07-2018,1289.119995,1291.439941,1244.48999,1252.890015,1252.890015,2418100
30-07-2018,1245.050049,1252.890015,1224.170044,1230.040039,1230.040039,2194800
31-07-2018,1231.709961,1241.209961,1216.189941,1227.219971,1227.219971,1969100
01-08-2018,1239.109985,1245.900024,1224.939941,1232.98999,1232.98999,1849700
02-08-2018,1218.5,1244.410034,1218.060059,1241.130005,1241.130005,1735200
03-08-2018,1245.180054,1246.52002,1229.420044,1238.160034,1238.160034,1063200
06-08-2018,1241.609985,1242.459961,1230.530029,1237.670044,1237.670044,1105700
07-08-2018,1252.01001,1266.079956,1251.800049,1255.839966,1255.839966,2125300
08-08-2018,1256.719971,1271.719971,1252.119995,1261.329956,1261.329956,1717200
09-08-2018,1262.72998,1271.959961,1260.099976,1264.459961,1264.459961,1366300
10-08-2018,1259.180054,1261.199951,1247.160034,1252.51001,1252.51001,1330100
13-08-2018,1251.199951,1265.969971,1247.030029,1248.640015,1248.640015,1375000
14-08-2018,1252.5,1260.589966,1239.540039,1258.140015,1258.140015,1404000
15-08-2018,1244.280029,1251.97998,1226.23999,1232.219971,1232.219971,1852600
16-08-2018,1241.98999,1243.699951,1219.630005,1224.060059,1224.060059,1608800
17-08-2018,1222.040039,1226.949951,1204,1215.849976,1215.849976,1654600
20-08-2018,1220.660034,1225.910034,1208.699951,1221.949951,1221.949951,1110900
21-08-2018,1223.02002,1232.76001,1215.030029,1217.410034,1217.410034,1154100
22-08-2018,1214.219971,1226.530029,1213.219971,1221.75,1221.75,1114800
23-08-2018,1219.880005,1235.170044,1219.349976,1221.160034,1221.160034,1233300
24-08-2018,1226,1237.400024,1221.420044,1236.75,1236.75,1222700
27-08-2018,1244.140015,1257.869995,1240.680054,1256.27002,1256.27002,1429000
28-08-2018,1255.900024,1256.560059,1242.969971,1245.859985,1245.859985,1366500
29-08-2018,1255,1267.170044,1252.800049,1264.650024,1264.650024,1846300
30-08-2018,1263.400024,1269.48999,1247.209961,1254.439941,1254.439941,1505200
31-08-2018,1252.209961,1252.550049,1225.75,1231.800049,1231.800049,2115400
04-09-2018,1222.52002,1227.869995,1206.560059,1211.310059,1211.310059,2072900
05-09-2018,1209.219971,1214.869995,1175.339966,1199.099976,1199.099976,2699400
06-09-2018,1198.569946,1198.98999,1163.609985,1183.98999,1183.98999,2342700
07-09-2018,1172,1188.550049,1169.27002,1177.589966,1177.589966,1632900
10-09-2018,1184.199951,1186.660034,1170.609985,1175.060059,1175.060059,1383500
11-09-2018,1171.099976,1190.939941,1165.949951,1189.98999,1189.98999,1462700
12-09-2018,1182,1190.689941,1166.160034,1171.599976,1171.599976,1785800
13-09-2018,1179.699951,1187.859985,1169.219971,1182.140015,1182.140015,2003400
14-09-2018,1188,1188,1173.52002,1177.97998,1177.97998,1208800
17-09-2018,1177.77002,1181.819946,1158.459961,1159.829956,1159.829956,1704800
18-09-2018,1162.660034,1181.329956,1161.430054,1167.109985,1167.109985,1615700
19-09-2018,1168.959961,1176.27002,1158.619995,1174.27002,1174.27002,1298100
20-09-2018,1180.670044,1194,1176.25,1191.569946,1191.569946,1462200
21-09-2018,1194.920044,1196.579956,1172.060059,1172.119995,1172.119995,4561100
24-09-2018,1159.410034,1185.189941,1151.5,1179.560059,1179.560059,1557500
25-09-2018,1184.25,1196.859985,1174.089966,1193.890015,1193.890015,1657600
26-09-2018,1193.689941,1207.23999,1185.400024,1194.060059,1194.060059,1882500
27-09-2018,1200,1216.859985,1198.050049,1207.359985,1207.359985,1813700
28-09-2018,1204.089966,1208.449951,1197.829956,1207.079956,1207.079956,1780600
01-10-2018,1213,1224.199951,1203.189941,1208.530029,1208.530029,1658200
02-10-2018,1206.670044,1224.52002,1199.660034,1207.640015,1207.640015,2009000
03-10-2018,1212,1214.180054,1202.150024,1211.530029,1211.530029,1312300
04-10-2018,1205.030029,1205.900024,1163.849976,1177.069946,1177.069946,2328800
05-10-2018,1176,1182,1154.319946,1167.829956,1167.829956,1592600
08-10-2018,1160,1175.859985,1135.400024,1155.920044,1155.920044,2309500
09-10-2018,1151.310059,1161.550049,1144.170044,1145.170044,1145.170044,1684500
10-10-2018,1136.400024,1137.02002,1091.51001,1092.160034,1092.160034,2949000
11-10-2018,1079.040039,1116.060059,1075.890015,1090.73999,1090.73999,3384800
12-10-2018,1119.640015,1125.829956,1095.030029,1120.540039,1120.540039,2468500
15-10-2018,1118,1121.800049,1098.219971,1102.439941,1102.439941,1503700
16-10-2018,1113.47998,1136.369995,1111.75,1133.079956,1133.079956,1918900
17-10-2018,1140,1147,1114,1127.589966,1127.589966,1782600
18-10-2018,1130,1132.349976,1086.339966,1097.910034,1097.910034,2307600
19-10-2018,1103.709961,1120.949951,1097.030029,1105.180054,1105.180054,2064300
22-10-2018,1112.51001,1121.689941,1100,1111.369995,1111.369995,1355800
23-10-2018,1091.290039,1118,1079.01001,1114.910034,1114.910034,1884300
24-10-2018,1115,1116.619995,1055.060059,1057.119995,1057.119995,2464300
25-10-2018,1080.300049,1117.819946,1075.550049,1103.589966,1103.589966,3647800
26-10-2018,1048.329956,1117,1042.22998,1083.75,1083.75,5321900
29-10-2018,1096.540039,1108.829956,1007.200012,1034.72998,1034.72998,4064500
30-10-2018,1020.01001,1050.900024,1013.969971,1049.51001,1049.51001,2988400
31-10-2018,1068.199951,1108,1068.199951,1090.579956,1090.579956,3545800
01-11-2018,1091.400024,1099.900024,1077.819946,1085.97998,1085.97998,2006600
02-11-2018,1089,1098,1067.660034,1071.48999,1071.48999,2171900
05-11-2018,1072.530029,1073.349976,1034,1055.72998,1055.72998,2267900
06-11-2018,1055.02002,1079.819946,1053.609985,1069.569946,1069.569946,1433000
07-11-2018,1083.48999,1109.930054,1080.589966,1108.23999,1108.23999,2169400
08-11-2018,1107.300049,1108.219971,1084.359985,1094.630005,1094.630005,1684700
09-11-2018,1084.02002,1088.349976,1064.26001,1077.02002,1077.02002,1743000
12-11-2018,1073.130005,1074.099976,1040.349976,1049.359985,1049.359985,1700100
13-11-2018,1054.810059,1066.670044,1040.400024,1047.969971,1047.969971,1287500
14-11-2018,1060,1065.790039,1041.109985,1054.579956,1054.579956,1733300
15-11-2018,1051.459961,1078.869995,1041.290039,1071.050049,1071.050049,2079200
16-11-2018,1065.22998,1072.439941,1054.900024,1068.27002,1068.27002,1768300
19-11-2018,1063.390015,1068,1022.869995,1027.420044,1027.420044,2284200
20-11-2018,1007.289978,1037.349976,1002.210022,1030.449951,1030.449951,2722900
21-11-2018,1045.310059,1054.709961,1039.459961,1043.430054,1043.430054,1484900
23-11-2018,1033.5,1043,1028.52002,1030.099976,1030.099976,708900
26-11-2018,1044,1057,1039.77002,1055.939941,1055.939941,1577900
27-11-2018,1051.339966,1066.76001,1045.5,1052.280029,1052.280029,1652400
28-11-2018,1057.459961,1092.859985,1042.949951,1091.790039,1091.790039,2302100
29-11-2018,1083.530029,1100.150024,1082,1094.579956,1094.579956,1550200
30-11-2018,1095.630005,1109.650024,1083.180054,1109.650024,1109.650024,2983400
03-12-2018,1132.160034,1135,1111.72998,1116.359985,1116.359985,2876600
04-12-2018,1112.98999,1114.23999,1060.780029,1062.469971,1062.469971,2281500
06-12-2018,1045,1079.420044,1042.47998,1078.079956,1078.079956,2371800
07-12-2018,1072.22998,1085.030029,1039.369995,1046.579956,1046.579956,2134100
10-12-2018,1042.939941,1059.599976,1033,1053.180054,1053.180054,1682600
11-12-2018,1066.939941,1070.400024,1050.099976,1061.650024,1061.650024,1692600
12-12-2018,1077.079956,1091.72998,1071.969971,1073.72998,1073.72998,1448000
13-12-2018,1075.670044,1088.420044,1064.98999,1073.540039,1073.540039,1249300
14-12-2018,1060.02002,1071.719971,1049.369995,1051.709961,1051.709961,1817900
17-12-2018,1047.01001,1062.380005,1016.630005,1025.650024,1025.650024,2496600
18-12-2018,1034,1059.689941,1030.47998,1043.410034,1043.410034,2182000
19-12-2018,1047.290039,1075.709961,1019.429993,1035.459961,1035.459961,2913200
20-12-2018,1026,1047.439941,1007.859985,1023.580017,1023.580017,2683700
21-12-2018,1032.040039,1037.670044,981.190002,991.25,991.25,5232800
24-12-2018,984.320007,1012.119995,977.659973,984.669983,984.669983,1818000
26-12-2018,997.98999,1048.449951,992.650024,1047.849976,1047.849976,2315900
27-12-2018,1026.199951,1053.339966,1007,1052.900024,1052.900024,2299800
28-12-2018,1059.5,1064.22998,1042,1046.680054,1046.680054,1719900
31-12-2018,1057.829956,1062.98999,1033.040039,1044.959961,1044.959961,1655500
02-01-2019,1027.199951,1060.790039,1025.280029,1054.680054,1054.680054,1593400
03-01-2019,1050.670044,1066.26001,1022.369995,1025.469971,1025.469971,2098000
04-01-2019,1042.560059,1080,1036.859985,1078.069946,1078.069946,2301100
07-01-2019,1080.969971,1082.699951,1062.640015,1075.920044,1075.920044,2372300
08-01-2019,1086,1093.349976,1068.349976,1085.369995,1085.369995,1770700
09-01-2019,1087.98999,1091.640015,1074.369995,1081.650024,1081.650024,1349900
10-01-2019,1074.939941,1079.810059,1064.680054,1078.829956,1078.829956,1329900
11-01-2019,1069.900024,1073.369995,1056.430054,1064.469971,1064.469971,1543200
14-01-2019,1053.339966,1058.449951,1048.550049,1051.51001,1051.51001,1424500
15-01-2019,1058.01001,1088.27002,1054.439941,1086.51001,1086.51001,1875900
16-01-2019,1090,1102.359985,1088.01001,1089.51001,1089.51001,1914000
17-01-2019,1087.98999,1100.699951,1083.26001,1099.119995,1099.119995,1244800
18-01-2019,1108.589966,1118,1099.280029,1107.300049,1107.300049,2244600
22-01-2019,1096,1098.969971,1070.890015,1078.630005,1078.630005,1981600
23-01-2019,1086.859985,1092.949951,1067.569946,1084.410034,1084.410034,1259700
24-01-2019,1082.51001,1088,1070.02002,1084,1084,1455700
25-01-2019,1094.22998,1103.359985,1091.800049,1101.51001,1101.51001,1163000
28-01-2019,1090.069946,1093.369995,1074.609985,1079.859985,1079.859985,1466700
29-01-2019,1081.040039,1084.72998,1066.02002,1070.060059,1070.060059,985200
30-01-2019,1077.359985,1099.52002,1076.640015,1097.98999,1097.98999,1472600
31-01-2019,1112.23999,1127.670044,1105.25,1125.890015,1125.890015,2011600
01-02-2019,1122.290039,1134.400024,1114.25,1118.619995,1118.619995,1655800
04-02-2019,1119.01001,1142.339966,1117.51001,1141.420044,1141.420044,3920400
05-02-2019,1129.630005,1152.77002,1123.599976,1151.869995,1151.869995,4114800
06-02-2019,1149.27002,1154,1118.359985,1122.890015,1122.890015,2412800
07-02-2019,1111.819946,1111.98999,1093.589966,1105.910034,1105.910034,1914900
08-02-2019,1094.880005,1105.099976,1094.23999,1102.380005,1102.380005,1088300
11-02-2019,1103.75,1113.430054,1100,1102.119995,1102.119995,924900
12-02-2019,1111.01001,1132.859985,1111.01001,1127.579956,1127.579956,1751800
13-02-2019,1133.040039,1142.849976,1126,1128.630005,1128.630005,1402100
14-02-2019,1125,1136.130005,1117.089966,1129.199951,1129.199951,1055300
15-02-2019,1139.300049,1139.300049,1116.719971,1119.630005,1119.630005,1391300
19-02-2019,1116.640015,1129.640015,1116.640015,1126.51001,1126.51001,1099000
20-02-2019,1128.880005,1130.930054,1111.75,1120.589966,1120.589966,1204500
21-02-2019,1118.780029,1119.150024,1097.97998,1104.209961,1104.209961,1663600
22-02-2019,1109.699951,1117.25,1100.5,1116.560059,1116.560059,1471800
25-02-2019,1121.930054,1125.400024,1114.109985,1117.329956,1117.329956,1310400
26-02-2019,1114.369995,1126.439941,1106.699951,1122.01001,1122.01001,1751300
27-02-2019,1114.01001,1125.72998,1108.560059,1122.890015,1122.890015,1104600
28-02-2019,1119,1133.98999,1118.410034,1126.550049,1126.550049,1371100
01-03-2019,1131,1150,1131,1148.52002,1148.52002,1704300
04-03-2019,1154.560059,1165.52002,1138.25,1153.420044,1153.420044,1774500
05-03-2019,1156,1176.48999,1153.02002,1169.189941,1169.189941,2004700
06-03-2019,1171.76001,1174.73999,1163.050049,1164.939941,1164.939941,1180100
07-03-2019,1160.5,1163.579956,1141.709961,1150.849976,1150.849976,1504300
08-03-2019,1133.900024,1153.449951,1130.199951,1149.969971,1149.969971,1184700
11-03-2019,1152,1179.910034,1151.569946,1179.26001,1179.26001,1501600
12-03-2019,1182.300049,1205.709961,1182.300049,1197.25,1197.25,2111000
13-03-2019,1205.930054,1207.119995,1197.910034,1199.060059,1199.060059,1294400
14-03-2019,1199.02002,1204.699951,1191.22998,1192.530029,1192.530029,1365100
15-03-2019,1198,1201.719971,1187.01001,1190.300049,1190.300049,2594300
18-03-2019,1189.689941,1194.949951,1181.47998,1188.550049,1188.550049,1222100
19-03-2019,1191.719971,1203.410034,1189.459961,1202.459961,1202.459961,1489400
20-03-2019,1201.400024,1229.98999,1199.589966,1226.430054,1226.430054,2075400
21-03-2019,1220,1236.439941,1216.579956,1236.130005,1236.130005,1407500
22-03-2019,1228.849976,1233.630005,1206,1207.650024,1207.650024,1721100
25-03-2019,1199.560059,1209.439941,1190,1197.380005,1197.380005,1378800
26-03-2019,1205.189941,1207.650024,1181.76001,1189.839966,1189.839966,1537600
27-03-2019,1191.920044,1191.920044,1164.22998,1178.01001,1178.01001,1471400
28-03-2019,1175.5,1177.25,1163.430054,1172.27002,1172.27002,1120100
29-03-2019,1180.180054,1183.969971,1166.380005,1176.890015,1176.890015,1544500
01-04-2019,1187.540039,1200.199951,1186.359985,1198.97998,1198.97998,1385300
02-04-2019,1200.050049,1205.810059,1191.23999,1205.540039,1205.540039,914400
03-04-2019,1212.699951,1220.599976,1205.079956,1210.810059,1210.810059,1109600
04-04-2019,1211.290039,1220.550049,1209.040039,1219.449951,1219.449951,1051100
05-04-2019,1219.300049,1220.390015,1210.030029,1211.449951,1211.449951,1000600
08-04-2019,1211.109985,1213.949951,1204.699951,1208.280029,1208.280029,1087500
09-04-2019,1201.890015,1207.150024,1198.380005,1202.689941,1202.689941,983400
10-04-2019,1205.089966,1208.939941,1200.660034,1206.449951,1206.449951,775500
11-04-2019,1208.900024,1212.73999,1204.540039,1209.589966,1209.589966,849900
12-04-2019,1215.619995,1223.050049,1213.290039,1222.72998,1222.72998,1215600
15-04-2019,1224.089966,1229.300049,1214.560059,1226.530029,1226.530029,1189800
16-04-2019,1230,1235.97998,1225.040039,1231.910034,1231.910034,1131100
17-04-2019,1237,1245.099976,1232.900024,1240.140015,1240.140015,1518300
18-04-2019,1245,1245.939941,1239.410034,1241.469971,1241.469971,1237500
22-04-2019,1236.670044,1254.339966,1233.369995,1253.76001,1253.76001,954200
23-04-2019,1256.640015,1274.430054,1251.969971,1270.589966,1270.589966,1593400
24-04-2019,1270.589966,1274,1259.810059,1260.050049,1260.050049,1169800
25-04-2019,1270.300049,1272.800049,1258,1267.339966,1267.339966,1567200
26-04-2019,1273.380005,1278.910034,1265,1277.420044,1277.420044,1361400
29-04-2019,1280.51001,1296.969971,1271.709961,1296.199951,1296.199951,3618400
30-04-2019,1190.630005,1200.97998,1183,1198.959961,1198.959961,6658900
01-05-2019,1197.5,1199.25,1171.680054,1173.319946,1173.319946,3717000
02-05-2019,1172.599976,1179.380005,1158.329956,1166.51001,1166.51001,2254900
03-05-2019,1177.410034,1191.400024,1173.550049,1189.550049,1189.550049,2079400
06-05-2019,1172,1195.430054,1171.160034,1193.459961,1193.459961,1588700
07-05-2019,1185.810059,1194.77002,1165,1178.859985,1178.859985,1830200
08-05-2019,1177.290039,1184.27002,1167.630005,1170.780029,1170.780029,1276000
09-05-2019,1162.599976,1174.069946,1154.640015,1167.969971,1167.969971,1477800
10-05-2019,1168.839966,1176.280029,1146.369995,1167.640015,1167.640015,1582500
13-05-2019,1145.23999,1151.969971,1125.5,1136.589966,1136.589966,2281300
14-05-2019,1142.319946,1144.869995,1123.530029,1124.859985,1124.859985,2019600
15-05-2019,1122.550049,1178.300049,1121.400024,1170.800049,1170.800049,2965100
16-05-2019,1171.839966,1194.160034,1168.449951,1184.5,1184.5,1765400
17-05-2019,1175.829956,1186.290039,1166.420044,1168.780029,1168.780029,1268100
20-05-2019,1153,1153,1138.140015,1144.660034,1144.660034,1530100
21-05-2019,1154.47998,1158,1143.310059,1154.439941,1154.439941,1028100
22-05-2019,1151.25,1163.780029,1151,1155.849976,1155.849976,941300
23-05-2019,1146.069946,1150.050049,1133.160034,1145.339966,1145.339966,1260700
24-05-2019,1152,1154.359985,1136.709961,1138.609985,1138.609985,927700
28-05-2019,1141.47998,1156.48999,1138.670044,1139.560059,1139.560059,1047400
29-05-2019,1132.699951,1135,1111.949951,1119.939941,1119.939941,1811500
30-05-2019,1120.150024,1126.800049,1115.900024,1121.410034,1121.410034,904400
31-05-2019,1105.640015,1113.400024,1103.349976,1106.5,1106.5,1579100
03-06-2019,1066.930054,1067,1027.030029,1038.73999,1038.73999,4844500
04-06-2019,1044.48999,1058.439941,1036.030029,1054.48999,1054.48999,3025600
05-06-2019,1055,1056.810059,1033,1044.640015,1044.640015,2349400
06-06-2019,1046.209961,1050,1035.51001,1047.76001,1047.76001,1451000
07-06-2019,1054.280029,1073.430054,1051.150024,1068.369995,1068.369995,2191400
10-06-2019,1077,1094.839966,1075.280029,1082.76001,1082.76001,1425500
11-06-2019,1096.98999,1104.01001,1079.569946,1081.040039,1081.040039,1675400
12-06-2019,1079.949951,1082.52002,1069.599976,1079.099976,1079.099976,1183500
13-06-2019,1084.709961,1096.589966,1082.569946,1091.01001,1091.01001,1040700
14-06-2019,1089.73999,1094.76001,1081.47998,1086.300049,1086.300049,1229100
17-06-2019,1089.099976,1101.280029,1088,1093.890015,1093.890015,988500
18-06-2019,1111.5,1118.780029,1100.790039,1105.23999,1105.23999,1726300
19-06-2019,1107.23999,1109.430054,1096.030029,1104.51001,1104.51001,1335700
20-06-2019,1121.699951,1122.719971,1107,1113.199951,1113.199951,1200900
21-06-2019,1109.859985,1126.569946,1109.719971,1125.369995,1125.369995,2538700
24-06-2019,1120,1123.569946,1113.310059,1116.699951,1116.699951,1211800
25-06-2019,1115.079956,1115.699951,1084.599976,1087.579956,1087.579956,1582200
26-06-2019,1091,1095.119995,1073.689941,1080.319946,1080.319946,1734900
27-06-2019,1086.75,1088.459961,1075.849976,1076.630005,1076.630005,1203900
28-06-2019,1077.22998,1082.800049,1073.800049,1082.800049,1082.800049,1683600
01-07-2019,1101.040039,1108.589966,1095.329956,1100,1100,1459800
02-07-2019,1104.829956,1112.890015,1099.670044,1112.599976,1112.599976,1031500
03-07-2019,1118.5,1127.98999,1114.849976,1122.98999,1122.98999,1007700
05-07-2019,1119.369995,1134.650024,1117.5,1132.670044,1132.670044,1489700
08-07-2019,1125.869995,1127.209961,1111.76001,1116.790039,1116.790039,1494400
09-07-2019,1110.319946,1127.859985,1107.150024,1124.290039,1124.290039,1473600
10-07-2019,1132.319946,1142.339966,1130.660034,1140.910034,1140.910034,1535500
11-07-2019,1146.160034,1153.23999,1139.530029,1144.079956,1144.079956,1300200
12-07-2019,1142.930054,1147.5,1138.560059,1145.339966,1145.339966,1093900
15-07-2019,1145.339966,1150.680054,1140,1150.51001,1150.51001,1058200
16-07-2019,1146.72998,1158.579956,1146.72998,1153.459961,1153.459961,1267600
17-07-2019,1150.920044,1158.439941,1146.619995,1146.73999,1146.73999,976900
18-07-2019,1142,1148.170044,1132.859985,1147.23999,1147.23999,1273800
19-07-2019,1149.319946,1151.579956,1131.25,1131.550049,1131.550049,1159200
22-07-2019,1135.469971,1140.02002,1125.209961,1139.209961,1139.209961,1445700
23-07-2019,1143.449951,1148.859985,1132.849976,1148.050049,1148.050049,1032400
24-07-2019,1132.619995,1145.459961,1128.51001,1139.72998,1139.72998,1359600
25-07-2019,1138.949951,1143.589966,1123.709961,1135.939941,1135.939941,2738100
26-07-2019,1228,1268.390015,1228,1245.219971,1245.219971,6060800
29-07-2019,1242.5,1248.98999,1230.199951,1241.839966,1241.839966,2069100
30-07-2019,1227,1236.910034,1225.319946,1228,1228,1430800
31-07-2019,1224.869995,1234.910034,1208.180054,1218.199951,1218.199951,1998000
01-08-2019,1217.630005,1236.300049,1207,1211.780029,1211.780029,1771300
02-08-2019,1203,1209.5,1190,1196.319946,1196.319946,1745500
05-08-2019,1172.969971,1176.880005,1142.75,1154.75,1154.75,2392000
06-08-2019,1165.52002,1181.400024,1161.530029,1171.079956,1171.079956,1800700
07-08-2019,1157.800049,1179.869995,1150.839966,1175.910034,1175.910034,1534300
08-08-2019,1186.430054,1206.280029,1174,1206.189941,1206.189941,1505800
09-08-2019,1199.98999,1204.459961,1184.890015,1188.900024,1188.900024,1020900
12-08-2019,1180,1185.609985,1168.719971,1174.5,1174.5,1103200
13-08-2019,1174.349976,1205.430054,1172.98999,1196.72998,1196.72998,1421700
14-08-2019,1176.069946,1182.790039,1161.069946,1164.25,1164.25,1771500
15-08-2019,1168.430054,1176.420044,1163,1169.319946,1169.319946,1425300
16-08-2019,1180.790039,1183.839966,1173,1179.209961,1179.209961,1245800
19-08-2019,1191.829956,1209.390015,1190.400024,1200.439941,1200.439941,1222500
20-08-2019,1195.349976,1198,1183.050049,1183.530029,1183.530029,1010300
21-08-2019,1195.819946,1200.560059,1187.920044,1191.579956,1191.579956,707600
22-08-2019,1193.800049,1198.780029,1178.910034,1191.52002,1191.52002,867600
23-08-2019,1185.170044,1195.670044,1150,1153.579956,1153.579956,1812700
26-08-2019,1159.449951,1171.859985,1154.849976,1171.180054,1171.180054,1058300
27-08-2019,1183,1185,1164.560059,1170.819946,1170.819946,1173000
28-08-2019,1164.869995,1178.5,1160.25,1173.75,1173.75,840500
29-08-2019,1186.420044,1199.189941,1185.280029,1194.23999,1194.23999,981800
30-08-2019,1200.349976,1200.349976,1185.719971,1190.530029,1190.530029,903200
03-09-2019,1181.849976,1189.079956,1163.709961,1169.550049,1169.550049,1295400
04-09-2019,1179.449951,1184.880005,1171.530029,1182.27002,1182.27002,1065600
05-09-2019,1193.660034,1214,1192.689941,1212.189941,1212.189941,1319700
06-09-2019,1209.140015,1212.949951,1203.26001,1206.319946,1206.319946,948600
09-09-2019,1207.079956,1220.550049,1193.170044,1205.27002,1205.27002,1592700
10-09-2019,1196.089966,1210,1196.01001,1205.699951,1205.699951,1396100
11-09-2019,1203.890015,1222.469971,1202.280029,1220,1220,1176100
12-09-2019,1223.469971,1242.420044,1222.560059,1234.969971,1234.969971,1582200
13-09-2019,1232.109985,1241.050049,1227.079956,1240.030029,1240.030029,1183800
16-09-2019,1230.439941,1239.02002,1225.189941,1231.630005,1231.630005,1410900
17-09-2019,1231.630005,1235,1223.349976,1229.880005,1229.880005,1040300
18-09-2019,1230.23999,1236.23999,1216.469971,1232.650024,1232.650024,872000
19-09-2019,1232.319946,1244.339966,1232.310059,1238.75,1238.75,827700
20-09-2019,1233.640015,1242.800049,1223.579956,1229.839966,1229.839966,1884600
23-09-2019,1226.569946,1239.680054,1223.780029,1234.689941,1234.689941,1039900
24-09-2019,1240,1247.109985,1210.640015,1218.329956,1218.329956,1790200
25-09-2019,1216.01001,1248.02002,1209.199951,1245.939941,1245.939941,1339900
26-09-2019,1242.140015,1244.670044,1231.819946,1242.290039,1242.290039,1158300
27-09-2019,1242.829956,1244.98999,1215.199951,1225.949951,1225.949951,1706100
30-09-2019,1220.599976,1227.410034,1213.420044,1221.140015,1221.140015,1223500
01-10-2019,1222.48999,1232.859985,1205.550049,1206,1206,1225200
02-10-2019,1196.5,1198.76001,1172.630005,1177.920044,1177.920044,1651500
03-10-2019,1183.339966,1191,1163.140015,1189.430054,1189.430054,1418400
04-10-2019,1194.290039,1212.459961,1190.969971,1210.959961,1210.959961,1214100
07-10-2019,1207,1218.910034,1204.359985,1208.25,1208.25,852000
08-10-2019,1198.77002,1206.869995,1189.47998,1190.130005,1190.130005,1004300
09-10-2019,1201.329956,1208.459961,1198.119995,1202.400024,1202.400024,797400
10-10-2019,1198.599976,1215.619995,1197.859985,1209.469971,1209.469971,642100
11-10-2019,1224.030029,1228.75,1213.640015,1215.709961,1215.709961,1116500
14-10-2019,1213.890015,1225.880005,1211.880005,1217.77002,1217.77002,664800
15-10-2019,1221.5,1247.130005,1220.920044,1242.23999,1242.23999,1379200
16-10-2019,1241.810059,1254.189941,1238.530029,1243,1243,1149300
17-10-2019,1251.400024,1263.75,1249.869995,1252.800049,1252.800049,1047900
18-10-2019,1254.689941,1258.109985,1240.140015,1244.410034,1244.410034,1581200
21-10-2019,1248.699951,1253.51001,1239.98999,1244.280029,1244.280029,904700
22-10-2019,1244.47998,1248.72998,1239.849976,1241.199951,1241.199951,1143100
23-10-2019,1240.209961,1258.040039,1240.209961,1257.630005,1257.630005,1064100
24-10-2019,1259.109985,1262.900024,1252.349976,1259.109985,1259.109985,1011200
25-10-2019,1252,1268,1249.150024,1264.300049,1264.300049,1355200
28-10-2019,1275,1299.23999,1272.310059,1288.97998,1288.97998,3271400
29-10-2019,1276,1280.800049,1255.609985,1260.660034,1260.660034,2632700
30-10-2019,1255.150024,1268.02002,1250.650024,1260.699951,1260.699951,1460200
31-10-2019,1260,1266.52002,1249.47998,1258.800049,1258.800049,1595000
01-11-2019,1265.800049,1273,1259.709961,1272.25,1272.25,1440600
04-11-2019,1276.109985,1292.5,1276.109985,1289.609985,1289.609985,1531600
05-11-2019,1291.199951,1297.23999,1289.380005,1291.439941,1291.439941,1257100
06-11-2019,1290.089966,1292.98999,1282.27002,1291.01001,1291.01001,1231300
07-11-2019,1294.280029,1322.650024,1293.75,1306.939941,1306.939941,2257000
08-11-2019,1301.52002,1317.109985,1301.52002,1309,1309,1519600
11-11-2019,1304,1304.900024,1295.869995,1298.280029,1298.280029,861700
12-11-2019,1298.569946,1309.349976,1294.23999,1297.209961,1297.209961,1442600
13-11-2019,1293.180054,1302.52002,1292.150024,1296.180054,1296.180054,1026900
14-11-2019,1295,1315.719971,1293.939941,1309.150024,1309.150024,1447400
15-11-2019,1315.050049,1333.540039,1311.890015,1333.540039,1333.540039,1964300
18-11-2019,1332.339966,1333.920044,1316.160034,1319.839966,1319.839966,1399200
19-11-2019,1326.630005,1326.630005,1311.77002,1312.589966,1312.589966,1093200
20-11-2019,1311.359985,1313.209961,1289.209961,1301.859985,1301.859985,1444600
21-11-2019,1299.25,1311.119995,1290.75,1300.140015,1300.140015,1277100
22-11-2019,1303,1306.900024,1289.359985,1293.670044,1293.670044,1388800
25-11-2019,1296.26001,1310.410034,1295.609985,1305.640015,1305.640015,1179500
26-11-2019,1309.910034,1314.01001,1304.040039,1313,1313,1095500
27-11-2019,1315.420044,1317.640015,1309.469971,1312.130005,1312.130005,940400
29-11-2019,1306.599976,1309.949951,1303.22998,1304.089966,1304.089966,640100
02-12-2019,1302.560059,1305.439941,1280.380005,1288.859985,1288.859985,1326900
03-12-2019,1278.660034,1297.22998,1277.050049,1294.73999,1294.73999,1263500
04-12-2019,1306.099976,1324.27002,1303.050049,1318.939941,1318.939941,1775300
05-12-2019,1327,1327.97998,1314.319946,1326.959961,1326.959961,1220400
06-12-2019,1332.75,1342.469971,1331.22998,1339.390015,1339.390015,1648400
09-12-2019,1338.859985,1357.550049,1336.069946,1342.98999,1342.98999,1542100
10-12-2019,1339.939941,1348,1334,1342.890015,1342.890015,880300
11-12-2019,1348.300049,1349.890015,1341.099976,1344.25,1344.25,1024000
12-12-2019,1343.209961,1354.579956,1338.199951,1348.48999,1348.48999,1455700
13-12-2019,1347.900024,1351.349976,1341.660034,1346.869995,1346.869995,1658500
16-12-2019,1355,1363.530029,1350.609985,1360.699951,1360.699951,1406400
17-12-2019,1362.410034,1364.329956,1350.77002,1354.890015,1354.890015,1647400
18-12-2019,1357,1359.430054,1350.459961,1351.910034,1351.910034,1166500
19-12-2019,1351.910034,1357.530029,1348.75,1356.439941,1356.439941,1446100
20-12-2019,1363.099976,1364,1350.72998,1351.219971,1351.219971,2504500
23-12-2019,1358.72998,1361.849976,1348,1350.630005,1350.630005,996800
24-12-2019,1350.209961,1352.01001,1344.170044,1344.430054,1344.430054,673400
26-12-2019,1346.550049,1363.199951,1345.51001,1362.469971,1362.469971,1183100
27-12-2019,1364,1367.050049,1353,1354.640015,1354.640015,1160600
30-12-2019,1356.810059,1357,1337.839966,1339.709961,1339.709961,999700
31-12-2019,1335.790039,1340.660034,1332.130005,1339.390015,1339.390015,975700
